{
  "project_info": {
    "project_number": "550431496249",
    "project_id": "foodie-66fca",
    "storage_bucket": "foodie-66fca.appspot.com"
  },
  "client": [
    {
      "client_info": {
        "mobilesdk_app_id": "1:550431496249:android:9f454dd3e4f56d485115e8",
        "android_client_info": {
          "package_name": "com.shurik.foodie"
        }
      },
      "oauth_client": [
        {
          "client_id": "550431496249-9qnoep3hj60h4k9905to9fisjlkq7kld.apps.googleusercontent.com",
          "client_type": 3
        }
      ],
      "api_key": [
        {
          "current_key": "AIzaSyC4ZfDDberMcv0c5aFDKvzTmWRvWHyr68E"
        }
      ],
      "services": {
        "appinvite_service": {
          "other_platform_oauth_client": [
            {
              "client_id": "550431496249-9qnoep3hj60h4k9905to9fisjlkq7kld.apps.googleusercontent.com",
              "client_type": 3
            }
          ]
        }
      }
    }
  ],
  "configuration_version": "1"
}